DisplayName,YearBuilt,Designer,Theme,Pallet,ReceptacleNo,FrameSize,MorA,Controller,TotalAmps,DisplayTotalLights,YearRetired,Notes,DumbController
180 Tree RGB,2020,Greg Liebig,Christmas ,,,,M,Pixie16 ,,2400,,ts on Left,
180 Tree Star,2021,Greg Liebig,Christmas ,,,,M,Pixie4 ,,600,,Metal  constructed 2018,
Amominable,2018,Eric Sandvig,Christmas ,,,,A,,0.89,1602,,Moved from Stacie's Island 2019,
Angel 1,2013,Hospice Donation,Christmas ,,,,A,LOR1602Wg3,1.24,2157,,?? Where do these go?,
Angel 2,2013,Hospice Donation,Christmas ,,,,A,LOR1602Wg3,,,,?? Where do these go?,
Angel 3,2013,Hospice Donation,Christmas ,,,,A,LOR1602Wg3,,,,?? Where do these go?,
Angels 3D 1,2015,Brian Muehlbroeck,Christmas ,,,,A,CTB04_PC,1.61,422,,,
Angels 3D 2,2015,Brian Muehlbroeck,Christmas ,,,,A,CTB04_PC,1.61,422,,,
Angels 3D 3,2018,Brian Muehlbroeck,Christmas ,,,,A,CTB04_PC,1.61,422,,,
Angels 3D 4,2018,Brian Muehlbroeck,Christmas ,,,,A,CTB04_PC,1.61,422,,,
Arrow Panel 11L,2020,Eric Sandvig,Traffic Control & Security,,,,A,,,136,,Original Panel 2015,
Arrow Panel 3L,2020,Eric Sandvig,Traffic Control & Security,,,,A,,0,136,,Original Panel 2015,
Arrow Panel 4L,2020,Eric Sandvig,Traffic Control & Security,,,,A,,,136,,Original Panel 2015,
Arrow Panel 5,2020,Eric Sandvig,Traffic Control & Security,,,,A,,0.5,131,,Animation Sequence,
Arrow Panel 5,2020,Eric Sandvig,Traffic Control & Security,,,,A,,0.5,131,,,
Arrow Panel 6,2020,Eric Sandvig,Traffic Control & Security,,,,A,,0.5,131,,,
Arrow Panel 6,2020,Eric Sandvig,Traffic Control & Security,,,,A,,0.5,131,,,
Arrow Panel 7,2020,Eric Sandvig,Traffic Control & Security,,,,A,,0.5,131,,,
Arrow Panel 7,2020,Eric Sandvig,Traffic Control & Security,,,,A,,0.5,131,,,
Arrow Right 1,2020,Eric Sandvig,Traffic Control & Security,,,,A,,0.5,131,,,2 Channel Dumb
Arrow Right 2,2020,Eric Sandvig,Traffic Control & Security,,,,A,,0.5,131,,,2 Channel Dumb
Arrow01,2019,,Traffic Control & Security,,,,A,,,500,,,
Arrow01,2019,,Traffic Control & Security,,,,A,,,500,,,
Arrow01,2019,,Traffic Control & Security,,,,A,,,500,,,
Arrow02,2019,,Traffic Control & Security,,,,A,,,500,,,
Arrow02,2019,,Traffic Control & Security,,,,A,,,500,,,
Arrow02,2019,,Traffic Control & Security,,,,A,,,500,,,
Bridge Bell 01,2012,Greg/Eric,Christmas ,,,,M,LOR1602Wg2,0.29,504,,,
Bridge Bell 02,2012,Greg/Eric,Christmas ,,,,M,LOR1602Wg2,0.29,504,,,
Bridge Bell 03,2012,Greg/Eric,Christmas ,,,,M,LOR1602Wg2,0.29,504,,,
Bridge Bell 04,2012,Greg/Eric,Christmas ,,,,M,LOR1602Wg2,0.29,504,,,
Bridge Bell 05,2012,Greg/Eric,Christmas ,,,,M,LOR1602Wg2,0.29,504,,,
Bridge Bell 06,2012,Greg/Eric,Christmas ,,,,M,LOR1602Wg2,0.29,504,,,
Bridge Bell 07,2012,Greg/Eric,Christmas ,,,,M,LOR1602Wg2,0.29,504,,,
Bridge Bell 08,2012,Greg/Eric,Christmas ,,,,M,LOR1602Wg2,0.29,504,,,
Bridge Bell 09,2012,Greg/Eric,Christmas ,,,,M,LOR1602Wg2,0.29,504,,,
Bridge Bell 10,2012,Greg/Eric,Christmas ,,,,M,LOR1602Wg2,0.29,504,,,
Bridge Bell 11,2012,Greg/Eric,Christmas ,,,,M,LOR1602Wg2,0.29,504,,,
Bridge Bell 12,2012,Greg/Eric,Christmas ,,,,M,LOR1602Wg2,0.29,504,,,
Bridge Bell 13,2012,Greg/Eric,Christmas ,,,,M,LOR1602Wg2,0.29,504,,,
Bridge Bell 14,2012,Greg/Eric,Christmas ,,,,M,LOR1602Wg2,0.29,504,,,
Bridge Bell 15,2022,Greg/Eric,Christmas ,,,,M,LOR1602Wg2,0.29,504,,,
Bridge Bell 16,2022,Greg/Eric,Christmas ,,,,M,LOR1602Wg2,0.29,504,,,
Bright 1 ,2018,Eric Sandvig,Event Info,,,,,,2.38,623,,Inc 13mm,
Bright 2,2014,Eric Sandvig,Event Info,,,,A,LOR1602Wg2,5.32,1393,,,
Bright 3,2023,Eric Sandvig,Event Info,,,,A,CTB04_PC,0.64,,,,
Bruce The Spruce,2021,Greg Liebig,Christmas ,,,,,,,600,,Separate Poser Cord 14 gauge,
Candle,2012,Hospice Donation,Christmas ,,,,,,,,,,
Candycanes Row 1 (R&W),2020,Rick Hoffmann,Christmas ,,,,A,,0.1,360,,1 on House,
Candycanes Row 2 (R&W),2020,Rick Hoffmann,Christmas ,,,,A,,0.1,360,,By House,
Candycanes Row 3 (R&W),2020,Rick Hoffmann,Christmas ,,,,A,,0.1,360,,Middle,
Candycanes Row 4 (R&W),2020,Rick Hoffmann,Christmas ,,,,A,,0.1,360,,Closest to Road,
Car Counter DS,2015,Andrew Bubb,Traffic Control & Security,,,,A,,,,,,
Car Counter PS,2015,Andrew Bubb,Traffic Control & Security,,,,A,,,,,,
Caroler 1,2021,Martha,Christmas ,,,,,,0.16,552,,,
Caroler 2,2021,Martha,Christmas ,,,,,,0.09,162,,,
Caroler 3,2021,Martha,Christmas ,,,,,,0.05,90,,,
Charlie-N-Box,2013,Eric Sandvig,Christmas ,,,,A,,0.57,149,,Panel FE,
Christmas Hippo,2023,Rick Hoffmann,Christmas ,,,,,,0.06,225,,,
Church,2019,Eric Sandvig,Christmas ,,,,A,LOR1602Wg3,0.43,1000,,,
Church,2019,Eric Sandvig,Christmas ,,,,A,LOR1602Wg3,,,,,
Church,2019,Eric Sandvig,Christmas ,,,,A,LOR1602Wg3,,,,,
Church,2019,Eric Sandvig,Christmas ,,,,A,LOR1602Wg3,,0,,?? Where does the Manger Trailer get plugged into?,
Church,2019,Eric Sandvig,Christmas ,,,,A,LOR1602Wg3,,0,,,
Church,2019,Eric Sandvig,Christmas ,,,,A,LOR1602Wg3,,0,,,
Church,2019,Eric Sandvig,Christmas ,,,,A,LOR1602Wg3,,,,,
Church Doors,2019,Eric Sandvig,Christmas ,,,,A,LOR1602Wg3,4,6957,,,
Church RGB Candy Cane 1,2023,Greg Liebig,Christmas ,,,,M,Pixie4 ,,,,,
Church RGB Candy Cane 2,2023,Greg Liebig,Christmas ,,,,M,Pixie4 ,,,,,
Church RGB Candy Cane 3,2023,Greg Liebig,Christmas ,,,,M,Pixie4 ,,,,,
Church RGB Candy Cane 4,2023,Greg Liebig,Christmas ,,,,M,Pixie4 ,,,,,
Church RGB Candy Cane 5,2023,Greg Liebig,Christmas ,,,,M,Pixie4 ,,,,,
Church RGB Candy Cane 6,2023,Greg Liebig,Christmas ,,,,M,Pixie4 ,,,,,
Church RGB Candy Cane 7,2023,Greg Liebig,Christmas ,,,,M,Pixie4 ,,,,,
Church RGB Candy Cane 8,2023,Greg Liebig,Christmas ,,,,M,Pixie4 ,,,,,
Church RGB Cross Right  44-45,2021,Greg Liebig,Christmas ,,,,M,Pixie2 ,,600,,RGB Snowflake 02,
Church RGB Cross Right  44-45,2021,Greg Liebig,Christmas ,,,,M,Pixie2 ,,,,RGB Snowflake 02,
ChurchBell RH 1 L,2021,Greg Liebig,Christmas ,,,,A,LOR1602Wg3,0.03,54,,,
ChurchBell RH 2 M,2021,Greg Liebig,Christmas ,,,,A,LOR1602Wg3,0.04,72,,,
ChurchBell RH 3 R,2021,Greg Liebig,Christmas ,,,,A,LOR1602Wg3,0.03,54,,,
ChurchBell.Main.RH,2021,Greg Liebig,Christmas ,,,,A,LOR1602Wg3,0.39,702,,,
Climbing Santa,2012,Hospice Donation,Christmas ,,,,,,3.4,890,,,
Condor Panel,2019,Eric Sandvig,Christmas ,,,,A,,4.04,1058,,,
Contactor,2018,Greg Liebig,Entertaining Lighting Effects ,,,,,,,,,Controls Power to WW-00 Panel and all receptacles,
Cousin Eddie,2023,Adam Biebel,Christmas ,,,,,CTB04_PC,,,,,
Dancing Peanuts 1,2019,Eric Sandvig,Christmas ,,,,A,,0.78,204,,Plug Body,
Deer 1,2013,Eric Sandvig,Christmas ,,,,,,0.34,1,,,
Deer 2,2013,Eric Sandvig,Christmas ,,,,,,4.1,7130,,,
Deer 3,2013,Eric Sandvig,Christmas ,,,,,,,,,,
Deer 4,2013,Eric Sandvig,Christmas ,,,,,,,,,,
Dennis the Walrus,2019,Eric Sandvig,Polar Regions,,,,,,1,262,,7.79 A per Paul N,
DF_A_DS-01R,2013,Greg Liebig,Entertaining Lighting Effects ,,,,M,LOR1602Wg2,0.32,600,,,
DF_A_DS-02G,2013,Greg Liebig,Entertaining Lighting Effects ,,,,M,LOR1602Wg2,0.32,600,,,
DF_A_DS-03B,2013,Greg Liebig,Entertaining Lighting Effects ,,,,M,LOR1602Wg2,0.32,600,,,
DF_A_DS-04Y,2013,Greg Liebig,Entertaining Lighting Effects ,,,,M,LOR1602Wg2,0.32,600,,,
DF_A_DS-04Y,2013,Greg Liebig,Entertaining Lighting Effects ,,,,M,LOR1602Wg2,0.32,600,,,
DF_A_DS-04Y,2013,Greg Liebig,Entertaining Lighting Effects ,,,,M,LOR1602Wg2,0.32,600,,,
DF_A_DS-04Y,2013,Greg Liebig,Entertaining Lighting Effects ,,,,M,LOR1602Wg2,0.32,600,,,
DF_A_DS-04Y,2013,Greg Liebig,Entertaining Lighting Effects ,,,,M,LOR1602Wg2,0.32,600,,,
DF_A_DS-04Y,2013,Greg Liebig,Entertaining Lighting Effects ,,,,M,LOR1602Wg2,0.24,600,,,
DF_A_DS-04Y,2013,Greg Liebig,Entertaining Lighting Effects ,,,,M,LOR1602Wg2,0.24,600,,,
DF_A_DS-04Y,2013,Greg Liebig,Entertaining Lighting Effects ,,,,M,LOR1602Wg2,0.24,600,,,
DF_A_DS-04Y,2013,Greg Liebig,Entertaining Lighting Effects ,,,,M,LOR1602Wg2,0.24,600,,,
DF_A_DS-04Y,2013,Greg Liebig,Entertaining Lighting Effects ,,,,M,LOR1602Wg2,0.37,600,,,
DF_A_DS-04Y,2013,Greg Liebig,Entertaining Lighting Effects ,,,,M,LOR1602Wg2,0.37,600,,,
DF_A_DS-04Y,2013,Greg Liebig,Entertaining Lighting Effects ,,,,M,LOR1602Wg2,0.37,600,,,
DF_B_DS-01R,2013,Greg Liebig,Entertaining Lighting Effects ,,,,M,LOR1602Wg2,0.37,600,,,
DF_B_DS-02G,2014,Greg Liebig,Entertaining Lighting Effects ,,,,M,LOR1602Wg2,0.32,600,,,
DF_B_DS-03B,2014,Greg Liebig,Entertaining Lighting Effects ,,,,M,LOR1602Wg2,0.32,600,,,
DF_B_DS-04Y,2014,Greg Liebig,Entertaining Lighting Effects ,,,,M,LOR1602Wg2,0.32,600,,,
DF_B_DS-05R,2014,Greg Liebig,Entertaining Lighting Effects ,,,,M,LOR1602Wg2,0.32,600,,,
DF_B_DS-06G,2014,Greg Liebig,Entertaining Lighting Effects ,,,,M,LOR1602Wg2,0.32,600,,,
DF_B_DS-07B,2014,Greg Liebig,Entertaining Lighting Effects ,,,,M,LOR1602Wg2,0.32,600,,,
DF_B_DS-08Y,2014,Greg Liebig,Entertaining Lighting Effects ,,,,M,LOR1602Wg2,0.32,600,,,
DF_B_DS-09R,2014,Greg Liebig,Entertaining Lighting Effects ,,,,M,LOR1602Wg2,0.32,600,,,
DF_B_DS-10R,2014,Greg Liebig,Entertaining Lighting Effects ,,,,M,LOR1602Wg2,0.24,600,,,
DF_B_DS-11B,2014,Greg Liebig,Entertaining Lighting Effects ,,,,M,LOR1602Wg2,0.24,600,,,
DF_B_DS-12Y,2014,Greg Liebig,Entertaining Lighting Effects ,,,,M,LOR1602Wg2,0.24,600,,,
DF_B_DS-13R,2014,Greg Liebig,Entertaining Lighting Effects ,,,,M,LOR1602Wg2,0.24,600,,,
DF_B_DS-14G,2014,Greg Liebig,Entertaining Lighting Effects ,,,,M,LOR1602Wg2,0.37,600,,,
DF_B_DS-15B,2014,Greg Liebig,Entertaining Lighting Effects ,,,,M,LOR1602Wg2,0.37,600,,,
DF_B_DS-16Y,2014,Greg Liebig,Entertaining Lighting Effects ,,,,M,LOR1602Wg2,0.37,600,,,
DF_C_DS-01R,2014,Greg Liebig,Entertaining Lighting Effects ,,,,M,LOR1602Wg2,0.37,600,,,
DF_C_DS-02G,2019,Greg Liebig,Entertaining Lighting Effects ,,,,M,LOR1602Wg2,0.32,600,,,
DF_C_DS-03B,2019,Greg Liebig,Entertaining Lighting Effects ,,,,M,LOR1602Wg2,0.32,600,,,
DF_C_DS-04Y,2019,Greg Liebig,Entertaining Lighting Effects ,,,,M,LOR1602Wg2,0.32,600,,,
DF_C_DS-05R,2019,Greg Liebig,Entertaining Lighting Effects ,,,,M,LOR1602Wg2,0.32,600,,,
DF_C_DS-06G,2019,Greg Liebig,Entertaining Lighting Effects ,,,,M,LOR1602Wg2,0.32,600,,,
DF_C_DS-07B,2019,Greg Liebig,Entertaining Lighting Effects ,,,,M,LOR1602Wg2,0.32,600,,,
DF_C_DS-08Y,2019,Greg Liebig,Entertaining Lighting Effects ,,,,M,LOR1602Wg2,0.32,600,,,
DF_C_DS-09R,2019,Greg Liebig,Entertaining Lighting Effects ,,,,M,LOR1602Wg2,0.32,600,,,
DF_C_DS-10G,2019,Greg Liebig,Entertaining Lighting Effects ,,,,M,LOR1602Wg2,0.24,600,,,
DF_C_DS-11B,2019,Greg Liebig,Entertaining Lighting Effects ,,,,M,LOR1602Wg2,0.24,600,,,
DF_C_DS-12Y,2019,Greg Liebig,Entertaining Lighting Effects ,,,,M,LOR1602Wg2,0.24,600,,,
DF_C_DS-13R,2019,Greg Liebig,Entertaining Lighting Effects ,,,,M,LOR1602Wg2,0.24,600,,,
DF_C_DS-14G,2019,Greg Liebig,Entertaining Lighting Effects ,,,,M,LOR1602Wg2,0.37,600,,,
DF_C_DS-15B,2019,Greg Liebig,Entertaining Lighting Effects ,,,,M,LOR1602Wg2,0.37,600,,,
DF_C_DS-16Y,2019,Greg Liebig,Entertaining Lighting Effects ,,,,M,LOR1602Wg2,0.37,600,,,
DF_D_PS-01R,2019,Greg Liebig,Entertaining Lighting Effects ,,,,M,LOR1602Wg2,0.37,600,,,
DF_D_PS-02G,2014,Greg Liebig,Entertaining Lighting Effects ,,,,M,LOR1602Wg2,0.32,600,,,
DF_D_PS-03B,2014,Greg Liebig,Entertaining Lighting Effects ,,,,M,LOR1602Wg2,0.32,600,,,
DF_D_PS-04Y,2014,Greg Liebig,Entertaining Lighting Effects ,,,,M,LOR1602Wg2,0.32,600,,,
DF_D_PS-05R,2014,Greg Liebig,Entertaining Lighting Effects ,,,,M,LOR1602Wg2,0.32,600,,,
DF_D_PS-06G,2014,Greg Liebig,Entertaining Lighting Effects ,,,,M,LOR1602Wg2,0.32,600,,,
DF_D_PS-07B,2014,Greg Liebig,Entertaining Lighting Effects ,,,,M,LOR1602Wg2,0.32,600,,,
DF_D_PS-08Y,2014,Greg Liebig,Entertaining Lighting Effects ,,,,M,LOR1602Wg2,0.32,600,,,
DF_D_PS-09R,2014,Greg Liebig,Entertaining Lighting Effects ,,,,M,LOR1602Wg2,0.32,600,,,
DF_D_PS-10G,2014,Greg Liebig,Entertaining Lighting Effects ,,,,M,LOR1602Wg2,0.24,600,,,
DF_D_PS-11B,2014,Greg Liebig,Entertaining Lighting Effects ,,,,M,LOR1602Wg2,0.24,600,,,
DF_D_PS-12Y,2014,Greg Liebig,Entertaining Lighting Effects ,,,,M,LOR1602Wg2,0.24,600,,,
DF_D_PS-13R,2014,Greg Liebig,Entertaining Lighting Effects ,,,,M,LOR1602Wg2,0.24,600,,,
DF_D_PS-14G,2014,Greg Liebig,Entertaining Lighting Effects ,,,,M,LOR1602Wg2,0.37,600,,,
DF_D_PS-15B,2014,Greg Liebig,Entertaining Lighting Effects ,,,,M,LOR1602Wg2,0.37,600,,,
DF_D_PS-16Y,2014,Greg Liebig,Entertaining Lighting Effects ,,,,M,LOR1602Wg2,0.37,600,,,
DF_E_PS-01R,2014,Greg Liebig,Entertaining Lighting Effects ,,,,M,LOR1602Wg2,0.37,600,,,
DF_E_PS-02G,2014,Greg Liebig,Entertaining Lighting Effects ,,,,M,LOR1602Wg2,0.32,600,,,
DF_E_PS-03B,2014,Greg Liebig,Entertaining Lighting Effects ,,,,M,LOR1602Wg2,0.32,600,,,
DF_E_PS-04Y,2014,Greg Liebig,Entertaining Lighting Effects ,,,,M,LOR1602Wg2,0.32,600,,,
DF_E_PS-05R,2014,Greg Liebig,Entertaining Lighting Effects ,,,,M,LOR1602Wg2,0.32,600,,,
DF_E_PS-06G,2014,Greg Liebig,Entertaining Lighting Effects ,,,,M,LOR1602Wg2,0.32,600,,,
DF_E_PS-07B,2014,Greg Liebig,Entertaining Lighting Effects ,,,,M,LOR1602Wg2,0.32,600,,,
DF_E_PS-08Y,2014,Greg Liebig,Entertaining Lighting Effects ,,,,M,LOR1602Wg2,0.32,600,,,
DF_E_PS-09R,2014,Greg Liebig,Entertaining Lighting Effects ,,,,M,LOR1602Wg2,0.32,600,,,
DF_E_PS-10G,2014,Greg Liebig,Entertaining Lighting Effects ,,,,M,LOR1602Wg2,0.24,600,,,
DF_E_PS-11B,2014,Greg Liebig,Entertaining Lighting Effects ,,,,M,LOR1602Wg2,0.24,600,,,
DF_E_PS-12Y,2014,Greg Liebig,Entertaining Lighting Effects ,,,,M,LOR1602Wg2,0.24,600,,,
DF_E_PS-13R,2014,Greg Liebig,Entertaining Lighting Effects ,,,,M,LOR1602Wg2,0.24,600,,,
DF_E_PS-14G,2014,Greg Liebig,Entertaining Lighting Effects ,,,,M,LOR1602Wg2,0.37,600,,,
DF_E_PS-15B,2014,Greg Liebig,Entertaining Lighting Effects ,,,,M,LOR1602Wg2,0.37,600,,,
DF_E_PS-16Y,2014,Greg Liebig,Entertaining Lighting Effects ,,,,M,LOR1602Wg2,0.37,600,,,
Dog Sledding,2013,Eric Sandvig,Christmas ,,,,,,1.92,503,,,
Donations Sign,2020,Eric Sandvig,Event Info,,,,A,,0,0,,,
Early Bird,2014,Eric Sandvig,Christmas ,,,,,,1.08,283,2022,,
East Light Pole RGB (Standalone),2019,,Traffic Control & Security,,,,,,,500,,,
EC BR01,2012,Eric Sandvig,Christmas ,,,4 x 4,M,LOR1602Wg2,1.04,271,,,
EC BR02,2012,Eric Sandvig,Christmas ,,,4 x 4,M,LOR1602Wg2,1.04,271,,,
EC BR03,2012,Eric Sandvig,Christmas ,,,4 x 4,M,LOR1602Wg2,1.04,271,,,
EC BR04,2012,Eric Sandvig,Christmas ,,,4 x 4,M,LOR1602Wg2,1.04,271,,,
EC BR05,2014,Eric Sandvig,Christmas ,,,4 x 4,M,LOR1602Wg2,0.72,189,,,
EC BR06,2014,Eric Sandvig,Christmas ,,,4 x 4,M,LOR1602Wg2,0.74,194,,,
EC BR07,2014,Eric Sandvig,Christmas ,,,4 x 4,M,LOR1602Wg2,0.72,189,,,
EC BR08,2014,Eric Sandvig,Christmas ,,,4 x 4,M,LOR1602Wg2,0.8,209,,,
EC BR09,2012,Eric Sandvig,Christmas ,,,4 x 4,M,LOR1602Wg2,1.02,266,,,
EC BR10,2012,Eric Sandvig,Christmas ,,,4 x 4,M,LOR1602Wg2,1.02,266,,,
EC BR11,2012,Eric Sandvig,Christmas ,,,4 x 4,M,LOR1602Wg2,1.02,266,,,
EC BR12,2012,Eric Sandvig,Christmas ,,,4 x 4,M,LOR1602Wg2,1.02,266,,,
EC BR13,2014,Eric Sandvig,Christmas ,,,4 x 4,M,LOR1602Wg2,0.62,162,,,
EC BR14,2014,Eric Sandvig,Christmas ,,,4 x 4,M,LOR1602Wg2,0.53,139,,,
EC BR15,2014,Eric Sandvig,Christmas ,,,4 x 4,M,LOR1602Wg2,0.67,175,,,
EC BR16,2014,Eric Sandvig,Christmas ,,,4 x 4,M,LOR1602Wg2,0.79,207,,,
EC Note 1,2016,Eric Sandvig,Christmas ,,,4 x 4,M,LOR1602Wg2,1.5,393,,,
EC Note 2,2016,Eric Sandvig,Christmas ,,,4 x 4,M,LOR1602Wg2,1.6,419,,,
EC Note 3,2016,Eric Sandvig,Christmas ,,,4 x 4,M,LOR1602Wg2,0.8,209,,,
EC Note 4,2016,Eric Sandvig,Christmas ,,,4 x 4,M,LOR1602Wg2,0.8,209,,,
EC Note 5,2016,Eric Sandvig,Christmas ,,,4 x 4,M,LOR1602Wg2,1.5,393,,,
EC Note 6,2016,Eric Sandvig,Christmas ,,,4 x 4,M,LOR1602Wg2,1.4,367,,,
EC Note 7,2016,Eric Sandvig,Christmas ,,,4 x 4,M,LOR1602Wg2,1.1,288,,,
EC Note 8,2016,Eric Sandvig,Christmas ,,,4 x 4,M,LOR1602Wg2,1.2,314,,,
EC TR01,2012,Eric Sandvig,Christmas ,,,4 x 4,M,LOR1602Wg2,1.07,280,,Original 16 elves designed by Eric 2012,
EC TR02,2012,Eric Sandvig,Christmas ,,,4 x 4,M,LOR1602Wg2,1.07,280,,,
EC TR03,2012,Eric Sandvig,Christmas ,,,4 x 4,M,LOR1602Wg2,1.07,280,,Row1,
EC TR04,2012,Eric Sandvig,Christmas ,,,4 x 4,M,LOR1602Wg2,1.07,280,,,
EC TR05,2012,Eric Sandvig,Christmas ,,,4 x 4,M,LOR1602Wg2,1.01,265,,Row4,
EC TR06,2012,Eric Sandvig,Christmas ,,,4 x 4,M,LOR1602Wg2,1.01,265,,,
EC TR07,2012,Eric Sandvig,Christmas ,,,4 x 4,M,LOR1602Wg2,1.1,288,,,
EC TR08,2012,Eric Sandvig,Christmas ,,,4 x 4,M,LOR1602Wg2,1.01,265,,,
EC TR09,2014,Eric Sandvig,Christmas ,,,4 x 4,M,LOR1602Wg2,0.75,196,,Row2,
EC TR10,2014,Eric Sandvig,Christmas ,,,4 x 4,M,LOR1602Wg2,0.81,212,,,
EC TR11,2014,Eric Sandvig,Christmas ,,,4 x 4,M,LOR1602Wg2,0.68,178,,Row3,
EC TR12,2014,Eric Sandvig,Christmas ,,,4 x 4,M,LOR1602Wg2,0.68,178,,,
EC TR13,2014,Eric Sandvig,Christmas ,,,4 x 4,M,LOR1602Wg2,0.63,165,,,
EC TR14,2014,Eric Sandvig,Christmas ,,,4 x 4,M,LOR1602Wg2,0.63,165,,,
EC TR15,2014,Eric Sandvig,Christmas ,,,4 x 4,M,LOR1602Wg2,0.63,165,,,
EC TR16,2014,Eric Sandvig,Christmas ,,,4 x 4,M,LOR1602Wg2,0.69,181,,,
Eddie Hose,2023,Greg Liebig,Christmas ,,,,,Pixie4 ,,,,,
Eddie Sewer Spot,2023,Greg Liebig,Christmas ,,,,,CR50,,,,,
Elf Conductor,2016,Eric Sandvig,Christmas ,,,4 x 4,M,LOR1602Wg2,2,524,,,
Elf on Shelf 1,2021,Martha Steffan,Christmas ,,,,,,0.19,456,,,
Elf on Shelf 2,2021,Martha Steffan,Christmas ,,,,,,0.19,450,,,
Elf on Shelf 3,2021,Martha Steffan,Christmas ,,,,,,0.16,384,,,
Elf on Shelf 4,2021,Martha Steffan,Christmas ,,,,,,0.24,576,,,
Elf on Shelf 5,2024,Rick Hoffmann,Christmas ,,,,,,0.01,24,,,
Event Traffic Right 1,2019,Eric Sandvig,Traffic Control & Security,,,,A,CTB04_PC,,,,4 channel controller Duplicate,
Event Traffic Right 2,2019,Eric Sandvig,Traffic Control & Security,,,,A,CTB04_PC,,,,4 channel controller Duplicate,
Event Traffic Right 3,2019,Eric Sandvig,Traffic Control & Security,,,,A,CTB04_PC,,,,4 channel controller Duplicate,
FC Wrap,2019,Eric Sandvig,Entertaining Lighting Effects ,,,,A,,,1000,,,
FC Wrap,2019,Eric Sandvig,Entertaining Lighting Effects ,,,,A,,,1000,,,
FC Wrap,2019,Eric Sandvig,Entertaining Lighting Effects ,,,,A,,,1000,,,
FC Wrap,2019,Eric Sandvig,Entertaining Lighting Effects ,,,,A,,,1000,,,
FC Wrap,2019,Eric Sandvig,Entertaining Lighting Effects ,,,,A,,,1000,,,
FC Wrap,2019,Eric Sandvig,Entertaining Lighting Effects ,,,,A,,,1000,,,
FC Wrap,2019,Eric Sandvig,Entertaining Lighting Effects ,,,,A,,,1000,,,
FC Wrap,2019,Eric Sandvig,Entertaining Lighting Effects ,,,,A,,,1000,,,
Fireplace,2014,Jim Schermetzler,Christmas ,,,,,,5.3,1388,,,
Font Arch Seg PS,2012,Hospice Donation,Entertaining Lighting Effects ,,,,A,,,100,,,
Food Collection Spot (center),2020,Andrew Bubb,Entertaining Lighting Effects ,,,,A,,,,,,
Fragile Box,2019,Adam Biebel,Christmas ,,,,,,1.75,3150,,,
Front Arch Seg DS,2012,Hospice Donation,Entertaining Lighting Effects ,,,,A,,,100,,Animation Sequence,
Front Arch Seg MD,2012,Hospice Donation,Entertaining Lighting Effects ,,,,A,,,100,,,
Frosty,2019,Eric Sandvig,Event Info,,,,,,1.22,2196,,FE-15 Dumb Controller,
FT Wraps DS 01,2017,Greg Liebig,Entertaining Lighting Effects ,,,,M,,,1700,, ts Whoville Side,
FT Wraps DS 02,2017,Greg Liebig,Entertaining Lighting Effects ,,,,M,,,1200,,,
FT Wraps DS 03,2017,Greg Liebig,Entertaining Lighting Effects ,,,,M,,,2000,,,
FT Wraps DS 04,2017,Greg Liebig,Entertaining Lighting Effects ,,,,M,,,2000,,,
FT Wraps DS 05,2017,Greg Liebig,Entertaining Lighting Effects ,,,,M,,,2000,,,
FT Wraps DS 06,2017,Greg Liebig,Entertaining Lighting Effects ,,,,M,,,1500,,,
FT Wraps DS 07,2017,Greg Liebig,Entertaining Lighting Effects ,,,,M,,,1500,,,
FT Wraps DS 08,2017,Greg Liebig,Entertaining Lighting Effects ,,,,M,,,1700,,,
FT Wraps DS 09,2017,Greg Liebig,Entertaining Lighting Effects ,,,,M,,,2000,,,
FT Wraps DS 10,2017,Greg Liebig,Entertaining Lighting Effects ,,,,M,,,1500,,,
FT Wraps DS 11,2017,Greg Liebig,Entertaining Lighting Effects ,,,,M,,,1500,,,
FT Wraps DS 12,2017,Greg Liebig,Entertaining Lighting Effects ,,,,M,,,1500,,,
FT Wraps DS 13,2017,Greg Liebig,Entertaining Lighting Effects ,,,,M,,,1700,,,
FT Wraps DS 14,2017,Greg Liebig,Entertaining Lighting Effects ,,,,M,,,1500,,,
FT Wraps DS 15,2017,Greg Liebig,Entertaining Lighting Effects ,,,,M,,,1500,,,
FT Wraps DS 16,2017,Greg Liebig,Entertaining Lighting Effects ,,,,M,,,1000,, Ends Food Collection Side,
FT Wraps PS 01,2012,Greg Liebig,Entertaining Lighting Effects ,,,,M,,,1700,,ts Food Collection Side,
FT Wraps PS 02,2012,Greg Liebig,Entertaining Lighting Effects ,,,,M,,,1200,,,
FT Wraps PS 03,2012,Greg Liebig,Entertaining Lighting Effects ,,,,M,,,2000,,,
FT Wraps PS 04,2012,Greg Liebig,Entertaining Lighting Effects ,,,,M,,,2000,,,
FT Wraps PS 05,2012,Greg Liebig,Entertaining Lighting Effects ,,,,M,,,2000,,,
FT Wraps PS 06,2012,Greg Liebig,Entertaining Lighting Effects ,,,,M,,,1500,,,
FT Wraps PS 07,2012,Greg Liebig,Entertaining Lighting Effects ,,,,M,,,1500,,,
FT Wraps PS 08,2012,Greg Liebig,Entertaining Lighting Effects ,,,,M,,,1700,,,
FT Wraps PS 09,2012,Greg Liebig,Entertaining Lighting Effects ,,,,M,,,2000,,,
FT Wraps PS 10,2012,Greg Liebig,Entertaining Lighting Effects ,,,,M,,,1500,,,
FT Wraps PS 11,2012,Greg Liebig,Entertaining Lighting Effects ,,,,M,,,1500,,,
FT Wraps PS 12,2012,Greg Liebig,Entertaining Lighting Effects ,,,,M,,,1500,,,
FT Wraps PS 13,2012,Greg Liebig,Entertaining Lighting Effects ,,,,M,,,1700,,,
FT Wraps PS 14,2012,Greg Liebig,Entertaining Lighting Effects ,,,,M,,,1500,,,
FT Wraps PS 15,2012,Greg Liebig,Entertaining Lighting Effects ,,,,M,,,1500,,,
FT Wraps PS 16,2012,Greg Liebig,Entertaining Lighting Effects ,,,,M,,,1000,, Ends Whoville Side,
Gate Lights DS,2022,Rob & Brian,Entertaining Lighting Effects ,,,,,,0.26,1000,,,
Gate Lights PS,2022,Brian Henne,Entertaining Lighting Effects ,,,,,,,,,,
GG20-Elden,2020,Greg Liebig,Christmas ,,,,M,,,400,,,
GG22-Felix,2020,Greg Liebig,Christmas ,,,,M,,,400,,,
GG24-Ralphie,2020,Greg Liebig,Christmas ,,,,M,,,400,,,
GG26-Zuzu,2020,Greg Liebig,Christmas ,,,,M,,,400,,,
GG28-Elden,2020,Greg Liebig,Christmas ,,,,M,,,400,,,
GG28-Elden,,44,Christmas ,,,,M,,,400,,,
GG28-Elden,,46,Christmas ,,,,M,,,400,,,
GG28-Elden,,48,Christmas ,,,,M,,,400,,,
GG28-Elden,,50,Christmas ,,,,M,,,400,,,
GG28-Elden,36,16,Christmas ,,,,M,,,400,,,
GG28-Elden,38,14,Christmas ,,,,M,,,400,,,
GG28-Elden,40,12,Christmas ,,,,M,,,400,,,
GG28-Elden,42,10,Christmas ,,,,M,,,400,,,
GG30-Felix,2020,Greg Liebig,Christmas ,,,,M,,,400,,,
GG32-Ralphie,2020,Greg Liebig,Christmas ,,,,M,,,400,,,
GG34-Zuzu,2020,Greg Liebig,Christmas ,,,,M,,,400,,,
Gift1 (M),2012,Hospice Donation,Christmas ,,,,A,,1.5,393,,1-8 Amps =,
Gift2 (S),2012,Hospice Donation,Christmas ,,,,A,,1.74,456,,9-16 Amps =,
Gift3 (L),2012,Hospice Donation,Christmas ,,,,A,,1.95,511,,,
Ginger 01-02,2013,Eric Sandvig,Christmas ,,,,,,1.04,272,,,
Ginger 03-04,2013,Eric Sandvig,Christmas ,,,,,,1,262,,,
Ginger 05-06,2013,Eric Sandvig,Christmas ,,,,,,1.04,272,,,
Goal Sign,2017,Andrew Bubb,Event Info,,,,,,0.83,1494,,Goal Sign Sequence,
Heat Miser,2021,Martha Becker,Christmas ,,,,A,,0.21,378,,,
Heat Miser,2021,Martha Becker,Christmas ,,,,A,,0.22,396,,,
Heat Miser,2021,Martha Becker,Christmas ,,,,A,,0.13,234,,,
Heat Miser,2021,Martha Becker,Christmas ,,,,A,,0.13,234,,,
Heat Miser,2021,Martha Becker,Christmas ,,,,A,,0.13,234,,,
Heat Miser,2021,Martha Becker,Christmas ,,,,A,,0.01,18,,,
Heat Miser,2021,Martha Becker,Christmas ,,,,A,,0.05,90,,,
Heat Miser,2021,Martha Becker,Christmas ,,,,A,,0.06,108,,,
Heat Miser,2021,Martha Becker,Christmas ,,,,A,,0.1,180,,,
Heat Miser,2021,Martha Becker,Christmas ,,,,A,,0.05,90,,,
Heat Miser,2021,Martha Becker,Christmas ,,,,A,,0.08,144,,,
Heat Miser,2021,Martha Becker,Christmas ,,,,A,,0.33,594,,,
Heat Miser Tree,2022,Martha Becker,Christmas ,,,,A,,0.22,432,,,
Heat Miser Tree,2022,Martha Becker,Christmas ,,,,A,,0.24,450,,,
Heat Miser Tree,2022,Martha Becker,Christmas ,,,,A,,0.13,288,,,
Heat Miser Tree,2022,Martha Becker,Christmas ,,,,A,,0.13,288,,,
Heat Miser Tree,2022,Martha Becker,Christmas ,,,,A,,0.13,288,,,
Horse and Sleigh,2022,Paul Neils,Christmas ,,,,,,0.27,459,,,
Icicle Tunnel,2019,Adam Biebel,Winter,,,,,,1.6,1000,,??,
IT Arch 11 Left Wrap,2018,Andrew Bubb,,,,,A,,0.16,100,,,
IT Arch 11 Right Wrap,2019,Andrew Bubb,,,,,,,1.6,1000,,??,
IT Blue Row 01,2018,Andrew Bubb,,,,,A,,0.87,50,,,
IT Blue Row 02,2018,Andrew Bubb,,,,,A,,0.16,100,,,
IT Blue Row 03,2018,Andrew Bubb,,,,,A,,0.16,100,,,
IT Blue Row 04,2018,Andrew Bubb,,,,,A,,0.87,50,,,
IT Blue Row 05,2018,Andrew Bubb,,,,,A,,0.14,100,,,
IT Blue Row 06,2018,Andrew Bubb,,,,,A,,0.87,50,,,
IT Blue Row 07,2018,Andrew Bubb,,,,,A,,0.14,100,,,
IT Blue Row 08,2018,Andrew Bubb,,,,,A,,0.14,100,,,
IT Blue Row 09,2018,Andrew Bubb,,,,,A,,0.87,50,,,
IT Blue Row 10,2018,Andrew Bubb,,,,,A,,0.14,100,,,
IT Blue Row 11,2018,Andrew Bubb,,,,,A,,0.87,50,,,
IT Blue Row 12,2018,Andrew Bubb,,,,,A,,0.14,100,,,
IT Blue Row 13,2018,Andrew Bubb,,,,,A,,0.87,50,,,
IT Blue Row 14,2018,Andrew Bubb,,,,,A,,1.6,1000,,,
IT Icicle Row 01,2018,Andrew Bubb,,,,,A,,0.16,100,,,
IT Icicle Row 02,2018,Andrew Bubb,,,,,A,,0.14,100,,,
IT Icicle Row 03,2018,Andrew Bubb,,,,,A,,0.14,100,,,
IT Icicle Row 04,2018,Andrew Bubb,,,,,A,,0.14,100,,,
IT Icicle Row 05,2018,Andrew Bubb,,,,,A,,0.14,100,,,
Jack Skellington Panel,2020,Martha Steffen,Christmas ,,,,A,,0.34,612,,,
Kingsbury Sign,2021,Martha / Adam,Christmas ,,,,,,0.94,1692,,,
Krank VW,2022,Adam Biebel,Christmas ,,,,,,0.86,1748,,Donated VW,
Lane 2 Arches Blu,2020,Greg Liebig,Traffic Control & Security,,,,A,,,4800,,,
Lane 2 Arches Wht,2020,Greg Liebig,Traffic Control & Security,,,,A,,,1800,,,
Lane1 Arches Blu,2020,Greg Liebig,Entertaining Lighting Effects ,,,,A,,,4800,,+ spotlights for volunteer and food donation signs,
Lane1 Arches Wht,2020,Greg Liebig,Traffic Control & Security,,,,A,,,1800,,,
Laying Penguins,?,?,Polar Regions,,,,,,1.14,298,,,
LED Ginger House,2019,Eric Sandvig,,,,,,,0.8,1440,,"Original Display 2013, Mounted on Rack 2018",
Left Bathroom Light,2014,Andrew Bubb,,,,,,,0.22,2,,,
Leg Lamp,2019,Greg Liebig,Christmas ,,,,,,2.94,5292,,,
Linus Tree,2016,Eric Sandvig,Christmas ,,,,A,,2.3,602,,,
Lobster,2014,Eric Sandvig,,,,,,,3,785,2022,,
Lollipop Trailer,2021,Greg Liebig,Christmas ,,,,M,Pixie16 ,,450,,Revised 2107 Dennis Frey,
Lollipop Trailer,2021,Greg Liebig,Christmas ,,,,M,Pixie16 ,,600,,Converted to RGB 2021,
Lollipop Trailer,2021,Greg Liebig,Christmas ,,,,M,Pixie16 ,,600,,,
Lollipop Trailer,2021,Greg Liebig,Christmas ,,,,M,Pixie16 ,,450,,,
Lollipop Trailer,2021,Greg Liebig,Christmas ,,,,M,Pixie16 ,,450,,,
Lollipop Trailer,2021,Greg Liebig,Christmas ,,,,M,Pixie16 ,,600,,,
Lollipop Trailer,2021,Greg Liebig,Christmas ,,,,M,Pixie16 ,,450,,,
Lollipop Trailer,2016,Ken Ebbers,Christmas ,,,,M,LOR1602Wg3,,800,,,
Lollipop Trailer,2016,Ken Ebbers,Christmas ,,,,M,LOR1602Wg3,,800,,,
Lollipop Trailer,2016,Ken Ebbers,Christmas ,,,,M,LOR1602Wg3,,800,,,
Lollipop Trailer,2016,Ken Ebbers,Christmas ,,,,M,LOR1602Wg3,,800,,,
Lollipop Trailer,2016,Ken Ebbers,Christmas ,,,,M,LOR1602Wg3,,800,,,
Lollipop Trailer,2016,Ken Ebbers,Christmas ,,,,M,LOR1602Wg3,,800,,,
Lollipop Trailer,2016,Ken Ebbers,Christmas ,,,,M,LOR1602Wg3,,800,,,
Lollipop Trailer,2016,Ken Ebbers,Christmas ,,,,M,LOR1602Wg3,,800,,,
Lollipop Trailer,2022,Rick Hoffmann,Christmas ,,,,M,LOR1602Wg3,,,,,
Lollipop Trailer,2021,Greg Liebig,Christmas ,,,,M,Pixie16 ,,450,,Original 2016 Ken Ebbers,
Magic Igloo,2016,Greg Liebig,Polar Regions,,,,,,,1000,,,
Magic Igloo,2018,Greg Liebig,Entertaining Lighting Effects ,,,,A,,,,,,
Magic Igloo LED 1,2017,Andrew,Polar Regions,,,,A,,,48,,,
Magic Igloo LED 2,2017,Andrew,Polar Regions,,,,A,,,48,,,
Magic Igloo LED 3,2017,Andrew,Polar Regions,,,,A,,,48,,,
Magic Igloo LED 4,2017,Andrew,Polar Regions,,,,A,,,48,,,
Magic Igloo LED 5,2017,Andrew,Polar Regions,,,,A,,,48,,,
Magic Igloo LED 6,2017,Andrew,Polar Regions,,,,A,,,48,,,
Magic Igloo LED 7,2017,Andrew,Polar Regions,,,,A,,,48,,,
Magic Igloo LED 8,2017,Andrew,Polar Regions,,,,A,,,48,,,
Making 1,2014,Eric Sandvig,Event Info,,,,A,LOR1602Wg2,2.1,550,,,
Making 2,2015,Eric Sandvig,Event Info,,,,,,2,524,,,
Making 3,2018,Eric Sandvig,Event Info,,,,,,2.02,528,,Inc 13mm,
Making 4 LED,2024,Eric Sandvig,Event Info,,,,A,CTB04_PC,524,,,,
Mega Ball 16 x 50,2022,Greg Liebig,Christmas ,,,,M,,,2400,,,
Mega Cube,2021,Greg Liebig,Christmas ,,,,M,,,4200,,Side Bottom Row,
Mega Tree,2014,Greg Liebig,Christmas ,,,,M,,,14400,,,
Momma Bear,2014,Eric Sandvig,,,,,,,1.01,264,,Momma Bear Harness,
Nakatomi HVAC,2020,Andrew Bubb,Christmas ,,,,,,0.12,273,,,
Narwhal,2019,Eric Sandvig,Christmas ,,,,A,,0.05,90,,,
Nativity,2015,John Muehlbauer,Christmas ,,,,A,CTB04_PC,,2,,,
NL DS RGB 01,2015,Bottom of Hill,Polar Regions,,,,M,CR50,,48,,NL Inside Curve,
NL DS RGB 02,2015,Bottom of Hill,Polar Regions,,,,M,CR50,,48,,Drivers Side,
NL DS RGB 03,2015,Bottom of Hill,Polar Regions,,,,M,CR50,,48,,,
NL DS RGB 04,2015,Bottom of Hill,Polar Regions,,,,M,CR50,,48,,,
NL DS RGB 05,2015,Bottom of Hill,Polar Regions,,,,M,CR50,,48,,,
NL DS RGB 06,2015,Bottom of Hill,Polar Regions,,,,M,CR50,,48,,,
NL DS RGB 07,2015,Bottom of Hill,Polar Regions,,,,M,CR50,,48,,,
NL DS RGB 08,2015,Bottom of Hill,Polar Regions,,,,M,CR50,,48,,,
NL DS RGB 09,2015,Bottom of Hill,Polar Regions,,,,M,CR50,,48,,,
NL DS RGB 10,2015,Bottom of Hill,Polar Regions,,,,M,CR50,,48,,,
NL DS RGB 11,2015,Bottom of Hill,Polar Regions,,,,M,CR50,,48,,,
NL DS RGB 12,2015,Bottom of Hill,Polar Regions,,,,M,CR50,,48,,,
NL DS RGB 13,2015,Bottom of Hill,Polar Regions,,,,M,CR50,,48,,,
NL DS RGB 14,2015,Bottom of Hill,Polar Regions,,,,M,CR50,,48,,,
NL DS RGB 15,2015,Bottom of Hill,Polar Regions,,,,M,CR50,,48,,,
NL DS RGB 16,2015,Bottom of Hill,Polar Regions,,,,M,CR50,,48,,,
NL DS RGB 17,2015,Bottom of Hill,Polar Regions,,,,M,CR50,,48,,,
NL DS RGB 18,2015,Bottom of Hill,Polar Regions,,,,M,CR50,,48,,,
NL DS RGB 19,2015,Bottom of Hill,Polar Regions,,,,M,CR50,,48,,,
NL DS RGB 20,2015,Bottom of Hill,Polar Regions,,,,M,CR50,,48,,,
NL DS RGB 21,2015,Bottom of Hill,Polar Regions,,,,M,CR50,,48,,,
NL DS RGB 22,2015,Bottom of Hill,Polar Regions,,,,M,CR50,,48,,,
NL DS RGB 23,2015,Bottom of Hill,Polar Regions,,,,M,CR50,,48,,,
NL DS RGB 24,2015,Bottom of Hill,Polar Regions,,,,M,CR50,,48,,,
NL DS RGB 25,2015,Bottom of Hill,Polar Regions,,,,M,CR50,,48,,,
NL DS RGB 26,2015,Bottom of Hill,Polar Regions,,,,M,CR50,,48,,,
NL DS RGB 27,2015,Bottom of Hill,Polar Regions,,,,M,CR50,,48,,,
NL DS RGB 28,2015,Bottom of Hill,Polar Regions,,,,M,CR50,,48,,,
NL DS RGB 29,2015,Bottom of Hill,Polar Regions,,,,M,CR50,,48,,,
NL DS RGB 30,2015,Bottom of Hill,Polar Regions,,,,M,CR50,,48,,,
NL DS RGB 31,2015,Bottom of Hill,Polar Regions,,,,M,CR50,,48,,,
NL DS RGB 32,2015,Bottom of Hill,Polar Regions,,,,M,CR50,,48,,,
NL PS RGB 01,2015,Greg Liebig,Polar Regions,,,,M,CR50,,48,,NL Outside Curve,
NL PS RGB 02,2015,Greg Liebig,Polar Regions,,,,M,CR50,,48,,Passenger SIde,
NL PS RGB 03,2015,Greg Liebig,Polar Regions,,,,M,CR50,,48,,,
NL PS RGB 04,2015,Greg Liebig,Polar Regions,,,,M,CR50,,48,,,
NL PS RGB 05,2015,Greg Liebig,Polar Regions,,,,M,CR50,,48,,,
NL PS RGB 06,2015,Greg Liebig,Polar Regions,,,,M,CR50,,48,,,
NL PS RGB 07,2015,Greg Liebig,Polar Regions,,,,M,CR50,,48,,,
NL PS RGB 08,2015,Greg Liebig,Polar Regions,,,,M,CR50,,48,,,
NL PS RGB 09,2015,Greg Liebig,Polar Regions,,,,M,CR50,,48,,,
NL PS RGB 10,2015,Greg Liebig,Polar Regions,,,,M,CR50,,48,,,
NL PS RGB 11,2015,Greg Liebig,Polar Regions,,,,M,CR50,,48,,,
NL PS RGB 12,2015,Greg Liebig,Polar Regions,,,,M,CR50,,48,,,
NL PS RGB 13,2015,Greg Liebig,Polar Regions,,,,M,CR50,,48,,,
NL PS RGB 14,2015,Greg Liebig,Polar Regions,,,,M,CR50,,48,,,
NL PS RGB 15,2015,Greg Liebig,Polar Regions,,,,M,CR50,,48,,,
NL PS RGB 16,2015,Greg Liebig,Polar Regions,,,,M,CR50,,48,,,
NL PS RGB 17,2015,Greg Liebig,Polar Regions,,,,M,CR50,,48,,,
NL PS RGB 18,2015,Greg Liebig,Polar Regions,,,,M,CR50,,48,,,
NL PS RGB 19,2015,Greg Liebig,Polar Regions,,,,M,CR50,,48,,,
NL PS RGB 20,2015,Greg Liebig,Polar Regions,,,,M,CR50,,48,,,
NL PS RGB 21,2015,Greg Liebig,Polar Regions,,,,M,CR50,,48,,,
NL PS RGB 22,2015,Greg Liebig,Polar Regions,,,,M,CR50,,48,,,
NL PS RGB 23,2015,Greg Liebig,Polar Regions,,,,M,CR50,,48,,,
NL PS RGB 24,2015,Greg Liebig,Polar Regions,,,,M,CR50,,48,,,
NL PS RGB 25,2015,Greg Liebig,Polar Regions,,,,M,CR50,,48,,,
NL PS RGB 26,2015,Greg Liebig,Polar Regions,,,,M,CR50,,48,,,
NL PS RGB 27,2015,Greg Liebig,Polar Regions,,,,M,CR50,,48,,,
NL PS RGB 28,2015,Greg Liebig,Polar Regions,,,,M,CR50,,48,,,
NL PS RGB 29,2015,Greg Liebig,Polar Regions,,,,M,CR50,,48,,,
NL PS RGB 30,2015,Greg Liebig,Polar Regions,,,,M,CR50,,48,,,
NL PS RGB 31,2015,Greg Liebig,Polar Regions,,,,M,CR50,,48,,,
NL PS RGB 32,2015,Greg Liebig,Polar Regions,,,,M,CR50,,48,,,
NL PS RGB 33,2015,Greg Liebig,Polar Regions,,,,M,CR50,,48,,,
NL PS RGB 34,2015,Greg Liebig,Polar Regions,,,,M,CR50,,48,,,
Nodding Peguin,?,?,Polar Regions,,,,,,1.69,442,,,
Nutcracker,2012,Hospice Donation,Christmas ,,,,A,,0.43,921,,,
Olaf Panel,2020,Martha Steffen,Christmas ,,,,A,,0.23,414,,,
Old Man Winter,2020,Eric Sandvig,Christmas ,,,,A,,0.07,126,,,
Old Man Winter,2020,Eric Sandvig,Christmas ,,,,A,,0.12,216,,,
Old Man Winter,2020,Eric Sandvig,Christmas ,,,,A,,0.14,252,,,
Old Man Winter,2020,Eric Sandvig,Christmas ,,,,A,,0.12,216,,,
Old Man Winter,2020,Eric Sandvig,Christmas ,,,,A,,0.12,216,,,
Old Man Winter,2020,Eric Sandvig,Christmas ,,,,A,,0.25,450,,,
Old Man Winter,2020,Eric Sandvig,Christmas ,,,,A,,0.16,200,,,
Old Man Winter,2020,Eric Sandvig,Christmas ,,,,A,,0.16,200,,,
Old Man Winter,2020,Eric Sandvig,Christmas ,,,,A,,0.16,200,,,
Old Man Winter,2020,Eric Sandvig,Christmas ,,,,A,,0.5,900,,,
Old Man Winter,2020,Eric Sandvig,Christmas ,,,,A,,,18,,,
Old Man Winter Tree,2020,Eric Sandvig,Christmas ,,,,A,,0.24,432,,,
Open/Close Sign,2017,Andrew Bubb,Event Info,,,,A,,3.5,916,,/Close Sequence,
Ornament 1 (L),2012,Hospice Donation,Christmas ,,,,A,,1.83,479,,Rebuilt 2019 Adam Biebel,
Ornament 2 (S),2012,Hospice Donation,Christmas ,,,,A,,0.98,257,,,
Pappa Bear,2014,Eric Sandvig,Polar Regions,,,,,,0.85,223,,,
PB Ball 01 ,2014,Greg Liebig,,,,,,,,150,,"Need amps for PB ball, .15 amps for LH-4, review light count",
PB Ball 02,2014,Greg Liebig,,,,,,,,200,,,
PB Ball 03,2014,Greg Liebig,,,,,,,,200,,,
PB Ball 04,2014,Greg Liebig,,,,,,,,,,,
PB Ball 05,2022,Rick Hoffman,,,,,,,0.04,70,,,
PB Ball 06,2022,Rick Hoffman,,,,,,,0.04,70,,,
PB Ball 07,2022,Rick Hoffman,,,,,,,0.04,70,,"Need amps for PB ball, .15 amps for LH-4, review light count",
PB Ball 08,2014,Greg Liebig,,,,,,,,70,,,
PB Ball 09,2014,Greg Liebig,,,,,,,,70,,,
PB Ball 10,2014,Greg Liebig,,,,,,,,70,,,
PB Ball 11,2014,Greg Liebig,,,,,,,,70,,,
PB Ball 12,2014,Greg Liebig,,,,,,,,70,,,
PB Ball 13,2014,Greg Liebig,,,,,,,,70,,,
PB Ball 14,2014,Greg Liebig,,,,,,,,70,,,
PB Ball 15,2014,Greg Liebig,,,,,,,,70,,,
PB Ball 16,2014,Greg Liebig,,,,,,,,70,,,
PB Ball 17,2014,Greg Liebig,,,,,,,,70,,,
PB Ball 18,2022,Rick Hoffman,,,,,,,0.04,70,,,
PB Ball 19,2022,Rick Hoffman,,,,,,,0.04,70,,,
PB Ball 20,2022,Rick Hoffman,,,,,,,0.04,70,,,
PB Ball 21,2022,Rick Hoffman,,,,,,,0.12,210,,,
PB Bear LH,2014,Eric Sandvig,,,,,,,,150,,,
PB Bear LH,2014,Eric Sandvig,Polar Regions,,,,,,0.84,220,,,
PB Bear RH,2014,Eric Sandvig,Polar Regions,,,,,,1.05,275,,2.68 A per Paul N,
Penguin Family,?,?,Polar Regions,,,,,,1.85,484,,,
Penguin Family,?,?,Polar Regions,,,,,,2.09,547,,,
Penguins 1,2019,Eric Sandvig,Polar Regions,,,,A,,0.37,97,,All panels on Penguin Harness,
Penguins 2,2019,Eric Sandvig,Polar Regions,,,,A,,0.62,162,,,
Penguins 3,2019,Eric Sandvig,Polar Regions,,,,A,,0.37,97,,,
Penguins 4,2019,Eric Sandvig,Polar Regions,,,,A,,1.84,482,,,
Penguins 5,2019,Eric Sandvig,Polar Regions,,,,A,,0.37,97,,,
Penguins 6,2019,Eric Sandvig,Polar Regions,,,,A,,1.84,482,,,
Penguins 7,2019,Eric Sandvig,Polar Regions,,,,A,,0.62,162,,,
Penquins 8,2019,Eric Sandvig,Polar Regions,,,,A,,0.62,162,,,
Photo Station,2022,Greg Liebig,Event Info,,,,,,,1644,,,
PigPen,2020,Eric Sandvig,Christmas ,,,,A,,0.42,756,,PigPen Harness,
Pinwheel DS,2015,Greg Liebig,Christmas ,,,,M,LOR1602Wg2,,500,,,
Pinwheel PS,2015,Greg Liebig,Christmas ,,,,M,LOR1602Wg2,,500,,,
PO Building and sign,2015,Andrew Bubb,Christmas ,,,,A,CTB04_PC,,1,,,
PO Naughty,2015,Andrew Bubb,Christmas ,,,,A,CTB04_PC,,1,,,
PO Nice,2015,Andrew Bubb,Christmas ,,,,A,CTB04_PC,,1,,,
PO Truck,2015,Andrew Bubb,Christmas ,,,,A,CTB04_PC,2.48,649,,,
PP 1 North Pole Sign Top,2020,Rick Hoffmann,,,,,,,0,100,,,
PP 2 Africa Sign,2020,Rick Hoffmann,,,,,,,0,100,,,
PP 3 Venice Sign,2020,Rick Hoffmann,,,,,,,0,100,,,
PP 4 London Sign,2020,Rick Hoffmann,,,,,,,0,100,,,
PP 5 Paris Sign,2022,Greg Liebig,,,,,,,0,200,,,
PP 6 Food Bank Sign,2020,Rick Hoffmann,,,,,,,0,100,,,
PP Potter Pole Ball ,2014,Greg Liebig,,,,,,,,150,,Move from Mega Tree to Potter's Pole 2022,
PP Potters North Pole,2020,Eric Sandvig,,,,,,,0.17,306,,,
Prange Gift Box,2023,Adam Biebel,Christmas ,,,,,,0.77,1611,,".48 watts per foot for red (40%) , .80 watts per foot for cool white (60%), 12 bulbs per foot - Used 1000Bulbs manufacturer info",
Quarry Tree,2012,Greg Liebig,Christmas ,,,,,,,200,,,
QV Cord Arch 1,2018,Fred Engelhardt,Christmas ,,,,,,,200,,,
QV Cord Arch 2,2018,Fred Engelhardt,,,,,,,,,,,
Ralphie,2020,Eric Sandvig,Christmas ,,,,A,,0.14,252,,,
RArch 01,2012,Greg Liebig,Entertaining Lighting Effects ,,,,M,,,500,,1st Arch entering Tunnel,
RArch 02,2012,Greg Liebig,Entertaining Lighting Effects ,,,,M,,,500,,,
RArch 03,2012,Greg Liebig,Entertaining Lighting Effects ,,,,M,,,500,,,
RArch 04,2012,Greg Liebig,Entertaining Lighting Effects ,,,,M,,,500,,,
RArch 05,2012,Greg Liebig,Entertaining Lighting Effects ,,,,M,,,500,,,
RArch 06,2012,Greg Liebig,Entertaining Lighting Effects ,,,,M,,,500,,,
RArch 07,2012,Greg Liebig,Entertaining Lighting Effects ,,,,M,,,500,,,
RArch 08,2012,Greg Liebig,Entertaining Lighting Effects ,,,,M,,,500,,,
RArch 09,2012,Greg Liebig,Entertaining Lighting Effects ,,,,M,,,500,,,
RArch 10,2012,Greg Liebig,Entertaining Lighting Effects ,,,,M,,,500,,,
RArch 11,2012,Greg Liebig,Entertaining Lighting Effects ,,,,M,,,500,,,
RArch 12,2012,Greg Liebig,Entertaining Lighting Effects ,,,,M,,,500,,,
RArch 13,2012,Greg Liebig,Entertaining Lighting Effects ,,,,M,,,500,,,
RArch 14,2012,Greg Liebig,Entertaining Lighting Effects ,,,,M,,,500,,,
RArch 15,2012,Greg Liebig,Entertaining Lighting Effects ,,,,M,,,500,,,
RArch 16,2012,Greg Liebig,Entertaining Lighting Effects ,,,,M,,,500,,Last Arch Exiting Tunnel,
Remember Headlights,2018,Eric Sandvig,Traffic Control & Security,,,,A,,2.67,3618,,331 Deer,
RGB Candy Cane 01,2023,Team,Christmas ,,,,,,,,,,
RGB Candy Cane 02,2023,Team,Christmas ,,,,,,,,,,
RGB Candy Cane 03,2023,Team,Christmas ,,,,,,,,,,
RGB Candy Cane 04,2023,Team,Christmas ,,,,,,,,,,
RGB Candy Cane 05,2023,Team,Christmas ,,,,,,,,,,
RGB Candy Cane 06,2023,Team,Christmas ,,,,,,,,,,
RGB Candy Cane 07,2023,Team,Christmas ,,,,,,,,,,
RGB Candy Cane 08,2023,Team,Christmas ,,,,,,,,,,
RGB Candy Cane 09,2023,Team,Christmas ,,,,,,,,,,
RGB Candy Cane 10,2023,Team,Christmas ,,,,,,,,,,
RGB Candy Cane 11,2023,Team,Christmas ,,,,,,,,,,
RGB Candy Cane 12,2023,Team,Christmas ,,,,,,,,,,
RGB Flood for 2-Truck,,,Traffic Control & Security,,,,,,,,,,
RGB Flood for VT Banner,,,Traffic Control & Security,,,,,,,48,,,
Rotary Gear 1,2018,Eric Sandvig,Event Info,,,,,,2.37,621,,Inc 10mm,
Rotary Gear 2,2014,Jim Shermetzler,Event Info,,,,A,,5.32,1393,,,
Rotary Sign ,2019,Eric Sandvig,Event Info,,,,A,CTB04_PC,0.3,540,,,
Row 1-B,,Greg Liebig,,,,,A,,,,,,
Row 1-C,,Greg Liebig,,,,,A,,,,,,
Row 1-D,,,,,,,A,,,,,,
Row 2-A,,Greg Liebig,,,,,A,,,,,,
Row 2-B,,,,,,,A,,,,,,
Row 3-A,,Greg Liebig,,,,,A,,,,,,
Row 3-B,,Greg Liebig,,,,,A,,,,,,
Row 3-C,,Greg Liebig,,,,,A,,,,,,
Row 3-D,,Greg Liebig,,,,,A,,,,,,
Row 3-E,,,,,,,A,,,,,,
Row 4-A,,Greg Liebig,,,,,A,,,,,,
Row 4-B,,Greg Liebig,,,,,A,,,,,,
Row 5-A,,Greg Liebig,,,,,A,,,,,,
Row 5-B,,Greg Liebig,,,,,A,,,,,,
Row 5-C,,Greg Liebig,,,,,A,,,,,,
Row 6-A,2016,,,,,,A,,,,,,
Row 6-B,,Greg Liebig,,,,,A,,,,,,
Row 6-C,,Greg Liebig,,,,,A,,,,,,
Row 6-D,,Greg Liebig,,,,,A,,,,,,
Row 6-E,,Greg Liebig,,,,,A,,,,,,
Row 6-F,,Greg Liebig,,,,,A,,,,,,
Row 7-A,,Greg Liebig,,,,,A,,,,,,
Row 7-B,,Greg Liebig,,,,,A,,,,,,
Row 7-C,,Greg Liebig,,,,,A,,,,,,
Row 8-A,,Greg Liebig,,,,,A,,,,,,
Row 8-B,,Greg Liebig,,,,,A,,,,,,
Row 8-C,,Greg Liebig,,,,,A,,,,,,
Row 9-A,,Greg Liebig,,,,,A,,,,,,
Row 9-B,,Greg Liebig,,,,,A,,,,,,
Row 9-C,,Greg Liebig,,,,,A,,,,,,
RR Crossing 1,2018,Eric Sandvig,Christmas ,,,,A,,3.26,854,,,
RR Crossing 2,2018,Eric Sandvig,Christmas ,,,,A,,2.7,707,,,
Santa's Sleigh 1,2013,Hospice Donation,,,,,A,,10.42,18122,,winter,
Santa's Sleigh 2,2013,Hospice Donation,Christmas ,,,,,,,,,,
Santa's Sleigh 3,2013,Hospice Donation,Christmas ,,,,,,,,,,
Santa's Sleigh 4,2013,Hospice Donation,Christmas ,,,,,,,,,,
Santa's Sleigh 5,2013,Hospice Donation,Christmas ,,,,,,,,,,
Santa's Sleigh 6,2013,Hospice Donation,Christmas ,,,,,,,,,,
Santa's Sleigh 7,2013,Hospice Donation,Christmas ,,,,,,,,,,
Santa's Sleigh 8,2013,Hospice Donation,Christmas ,,,,,,,,,,
Santa's Workshop Sign,2014,Andrew Bubb,,,,,,,4.5,1178,,,
Schroeder/Lucy,2020,Eric Sandvig,Christmas ,,,,A,,0.42,756,,Schroeder Harness,
SHR Stocking,2012,Hospice Donation,Christmas ,,,,,,3.22,843,,,
SHR Train,2012,Hospice Donation,Christmas ,,,,,,10.42,2728,,6-4 foot panels for toatl 24 feet,
Sled Poof Tree Wrap 1L,2019,Greg Liebig,Winter,,,,A,,0.16,400,,,
Sled Poof Tree Wrap 1L,2019,Greg Liebig,Winter,,,,A,,,,,,
Sled Poof Tree Wrap 1R,2019,Greg Liebig,Winter,,,,A,,,,,,
Sled Poof Tree Wrap 1R,2019,Greg Liebig,Winter,,,,A,,,,,,
Sled Poof Tree Wrap 2L,2019,Greg Liebig,Winter,,,,A,,,,,,
Sled Poof Tree Wrap 2L,2019,Greg Liebig,Winter,,,,A,,,,,,
Sled Poof Tree Wrap 2R,2019,Greg Liebig,Winter,,,,A,,,,,,
Sled Poof Tree Wrap 2R,2019,Greg Liebig,Winter,,,,A,,,,,,
Sled Poof Tree Wrap 3L,2019,Greg Liebig,Winter,,,,A,,,,,,
Sled Poof Tree Wrap 3L,2019,Greg Liebig,Winter,,,,A,,,,,,
Sled Poof Tree Wrap 3R,2019,Greg Liebig,Winter,,,,A,,,,,,
Sled Poof Tree Wrap 3R,2019,Greg Liebig,Winter,,,,A,,,,,,
Sled Poof Tree Wrap 4L,2019,Greg Liebig,Winter,,,,A,,,,,,
Sled Poof Tree Wrap 4L,2019,Greg Liebig,Winter,,,,A,,,,,,
Sled Poof Tree Wrap 4R,2019,Greg Liebig,Winter,,,,A,,,,,,
Sled Poof Tree Wrap 4R,2019,Greg Liebig,Winter,,,,A,,,,,,
Sledder Panel 01,2015,Eric Sandvig,Winter,,,,A,,1.21,317,,Animation Sequence,
Sledder Panel 01,2015,Eric Sandvig,Winter,,,,A,,1.15,301,,,
Sledder Panel 02,2015,Eric Sandvig,Winter,,,,A,,1.12,293,,,
Sledder Panel 02,2015,Eric Sandvig,Winter,,,,A,,1.25,327,,,
Sledder Panel 03,2015,Eric Sandvig,Winter,,,,A,,1.18,309,,,
Sledder Panel 03,2015,Eric Sandvig,Winter,,,,A,,1.18,309,,,
Sledder Panel 04,2015,Eric Sandvig,Winter,,,,A,,1.13,296,,,
Sledder Panel 04,2015,Eric Sandvig,Winter,,,,A,,1.19,312,,,
Sledder Panel 05,2015,Eric Sandvig,Winter,,,,A,,1.18,309,,,
Sledder Panel 05,2015,Eric Sandvig,Winter,,,,A,,1.16,304,,,
Sledder Panel 05 Strobe,2023,Rick Hoffmann,Winter,,,,A,,1.16,304,,,
Sledder Panel 06,2015,Eric Sandvig,Winter,,,,A,,1.17,306,,,
Sledder Panel 06,2015,Eric Sandvig,Winter,,,,A,,1.18,309,,,
Sledder Panel 06 Strobe,2023,Rick Hoffmann,Winter,,,,A,,1.19,312,,,
Sledder Panel 07,2015,Eric Sandvig,Winter,,,,A,,1.24,325,,,
Sledder Panel 07,2015,Eric Sandvig,Winter,,,,A,,1.24,325,,,
Sledder Panel 08,2015,Eric Sandvig,Winter,,,,A,,1.18,309,,,
Sledder Panel 08,2015,Eric Sandvig,Winter,,,,A,,1.18,309,,,
Sledder Panel 09,2015,Eric Sandvig,Winter,,,,A,,1.18,309,,,
Sledder Panel 09,2015,Eric Sandvig,Winter,,,,A,,1.18,309,,,
Sledder Panel 10,2015,Eric Sandvig,Winter,,,,A,,1.18,309,,,
Sledder Panel 10,2015,Eric Sandvig,Winter,,,,A,,1.18,309,,,
Sledder Panel 11,2015,Eric Sandvig,Winter,,,,A,,1.18,309,,,
Sledder Panel 11,2015,Eric Sandvig,Winter,,,,A,,1.18,309,,,
Sledder Panel 12,2015,Eric Sandvig,Winter,,,,A,,1.18,309,,,
Sledder Panel 12,2015,Eric Sandvig,Winter,,,,A,,1.18,309,,,
Sledder Panel 13,2015,Eric Sandvig,Winter,,,,A,,1.18,309,,,
Sledder Panel 13,2015,Eric Sandvig,Winter,,,,A,,1.18,309,,,
Sledder Panel 14,2015,Eric Sandvig,Winter,,,,A,,1.18,309,,,
Sledder Panel 14,2015,Eric Sandvig,Winter,,,,A,,1.18,309,,,
Sledder Panel 15,2015,Eric Sandvig,Winter,,,,A,,1.18,309,,,
Sledder Panel 15,2015,Eric Sandvig,Winter,,,,A,,1.18,309,,,
Sledder Panel 16,2019,Eric Sandvig,Winter,,,,A,,1.18,309,,,
Sledder Panel 16,2019,Eric Sandvig,Winter,,,,A,,1.18,309,,,
Sledder Panel 17,2019,Eric Sandvig,Winter,,,,A,,0.54,500,,,
Sledder Panel 17,2019,Eric Sandvig,Winter,,,,A,,0.16,300,,,
Sledder Panel 18,2019,Eric Sandvig,Winter,,,,A,,0.06,100,,Same channel as Sled Finish,
Sledder Panel 18,2022,Eric Sandvig,Winter,,,,A,,0.48,300,,Strobe Lights,
Sledder Panel 18,2019,Eric Sandvig,Winter,,,,A,,1.36,155,,Same channel as Snowbank Hole Outline?,
Sledder Panel 18,2019,Eric Sandvig,Winter,,,,A,,0.16,400,,,
Sledder Panel 19,2019,Eric Sandvig,Winter,,,,A,,0.16,400,,,
Sledder Panel 19,2019,Eric Sandvig,Winter,,,,A,,0.16,400,,,
Sledder Pusher,2019,Eric Sandvig,Winter,,,,A,,8.6,0,,,
Sledder Pusher,2019,Eric Sandvig,Winter,,,,A,,8.4,0,,,
Sledder Pusher,2019,Eric Sandvig,Winter,,,,A,,,0,,,
Snoopy Dog House,2016,Eric Sandvig,Christmas ,,,,,,2.6,681,,,
Snowchild,2013,Eric Sandvig,Winter,,,,A,,1.25,327,,"Relocated from WW 2020, Snow Family Harness",
Snowman,2012,Eric Sandvig,Winter,,,,A,,1.56,408,,"Relocated from WW 2020, Snow Family Harness",
Snowman,2012,Hospice Donation,Winter,,,,,,,,,,
SnowStorm Row 1-A,2016,Greg Liebig,,,,,A,,,16000,,,
Snowwoman,2013,Eric Sandvig,Winter,,,,A,,1.16,304,,"Relocated from WW 2020, Snow Family Harness",
Speed Limit 1,2015,Eric Sandvig,Traffic Control & Security,,,,A,,0.8,209,,,
Speed Limit 1,2015,Eric Sandvig,Traffic Control & Security,,,,A,,0.85,223,,,
Speed Limit 2,2019,Eric Sandvig,Traffic Control & Security,,,,A,,0.5,1,,,
Speed Limit 3,2014,Eric Sandvig,Traffic Control & Security,,,,A,,1.04,272,,,2-Channel
Speed Limit 3,2014,Eric Sandvig,Traffic Control & Security,,,,,,,,,,
Spiral Tree,2017,Greg Liebig,Christmas ,,,,M,,,100,,,
Spiral Tree Topper,2017,Greg Liebig,Christmas ,,,,M,,,500,,,
Spirits 1,2018,Eric Sandvig,Event Info,,,,,,2.14,560,,Inc 13mm,
Spirits 1,2015,Eric Sandvig,Event Info,,,,,,2.1,550,,,
Spirits 2,2014,Eric Sandvig,Event Info,,,,A,LOR1602Wg2,2.4,628,,,
Spirits 3,2023,Eric Sandvig,Event Info,,,,A,CTB04_PC,0.59,,,,
Stained glass Windows,2019,Andrew Bubb,Christmas ,,,,A,LOR1602Wg3,0.8,100,,,
Standing Penguins,?,?,Polar Regions,,,,,,2.28,597,,,
Star Row 01,2012,Greg Liebig,Christmas ,,,,M,,6.72,12096,,Entrance Row Incandecent Amps 2.5,
Star Row 02,2012,Greg Liebig,Christmas ,,,,M,,0.28,504,,2.4,
Star Row 03,2012,Greg Liebig,Christmas ,,,,M,,0.28,504,,,
Star Row 04,2012,Greg Liebig,Christmas ,,,,M,,0.28,504,,,
Star Row 05,2012,Greg Liebig,Christmas ,,,,M,,0.28,504,,,
Star Row 06,2012,Greg Liebig,Christmas ,,,,M,,0.28,504,,,
Star Row 07,2012,Greg Liebig,Christmas ,,,,M,,0.28,504,,,
Star Row 08,2012,Greg Liebig,Christmas ,,,,M,,0.28,504,,,
Star Row 09,2012,Greg Liebig,Christmas ,,,,M,,0.28,504,,,
Star Row 10,2012,Greg Liebig,Christmas ,,,,M,,0.28,504,,,
Star Row 11,2012,Greg Liebig,Christmas ,,,,M,,0.28,504,,,
Star Row 12,2012,Greg Liebig,Christmas ,,,,M,,0.28,504,,,
Star Row 13,2012,Greg Liebig,Christmas ,,,,M,,0.28,504,,,
Star Row 14,2012,Greg Liebig,Christmas ,,,,M,,0.28,504,,,
Star Row 15,2012,Greg Liebig,Christmas ,,,,M,,0.28,504,,,
Star Row 16,2012,Greg Liebig,Christmas ,,,,M,,0.28,504,,,
Star Row 17,2012,Greg Liebig,Christmas ,,,,M,,0.28,504,,,
Star Row 18,2012,Greg Liebig,Christmas ,,,,M,,0.28,504,,,
Star Row 19,2012,Greg Liebig,Christmas ,,,,M,,0.28,504,,,
Star Row 20,2012,Greg Liebig,Christmas ,,,,M,,0.28,504,,,
Star Row 21,2012,Greg Liebig,Christmas ,,,,M,,0.28,504,,,
Star Row 22,2012,Greg Liebig,Christmas ,,,,M,,0.28,504,,,
Star Row 23,2018,Greg Liebig,Christmas ,,,,M,,0.28,504,,,
Star Row 24,2018,Greg Liebig,Christmas ,,,,M,,0.28,504,,,
Station Wagon Panel,2018,Eric Sandvig,Christmas ,,,,A,,3.66,958,,,
Steeple LH ,2021,Greg Liebig,Christmas ,,,,A,LOR1602Wg3,0.56,1008,,,
Steeple LH ,2021,Greg Liebig,Christmas ,,,,M,Pixie2 ,,600,,RGB Snowflake 01,
Steeple LH ,2021,Greg Liebig,Christmas ,,,,M,Pixie2 ,,,,RGB Snowflake 01,
Steeple LH ,2021,Greg Liebig,Christmas ,,,,A,LOR1602Wg3,0.37,666,,,
Steeple LH ,2021,Greg Liebig,Christmas ,,,,A,LOR1602Wg3,0.03,54,,,
Steeple LH ,2021,Greg Liebig,Christmas ,,,,A,LOR1602Wg3,0.05,90,,,
Steeple LH ,2021,Greg Liebig,Christmas ,,,,A,LOR1602Wg3,0.03,54,,,
Steeple LH ,2021,Greg Liebig,Christmas ,,,,A,LOR1602Wg3,0.47,846,,,
Steeple LH Top,2021,Greg Liebig,Christmas ,,,,A,LOR1602Wg3,0.46,828,,,
Steeple RH Base,2021,Greg Liebig,Christmas ,,,,A,LOR1602Wg3,0.55,990,,,
Stocking,2012,Eric Sandvig,Christmas ,,,,A,,3.01,788,,,
SW 2nd Column from Left,2014,Andrew Bubb,,,,,,,1,262,,,
SW 3rd column from left,2014,Andrew Bubb,,,,,,,1,262,,,
SW 4th Column,2014,Andrew Bubb,,,,,,,1,262,,,
SW Bottom Half Santa Light,2014,Andrew Bubb,,,,,,,0.08,2,,,
SW Building Outline (x3),2019,Eric Sandvig,Christmas ,,,,A,LOR1602Wg3,0.74,1287,,,
SW Christmas Tree 1,2014,Andrew Bubb,Christmas ,,,,,,,300,,,
SW Christmas Tree 2,2014,Andrew Bubb,Christmas ,,,,,,,300,,,
SW Right Bathroom Light,2014,Andrew Bubb,,,,,,,0.22,2,,,
SW Roof Line & 1st Coulmn,2014,Andrew Bubb,,,,,,,1.5,393,,,
SW Sewing Elf ,2014,Andrew Bubb,,,,,,,0.08,2,,,
SW Sign,2014,Andrew Bubb,,,,,,,,,,Animation Sequence,
SW Star Left,,,,,,,M,,,,,,
SW Star Right,,,,,,,M,,,,,,
SW Tree Left,,,,,,,M,,,,,,
SW Tree Right,,,,,,,M,,,,,,
TC 10th Year Stocking,2021,Martha,Christmas ,,,,A,,0.23,414,,,
Tent,2020,Eric Sandvig,Event Info,,,,A,,0,0,,,
Tent,2018,Gerry Plehn,Volunteer Safety,,,,A,,,,,,
Tent,2018,Andrew Bubb,Volunteer Safety,,,,A,,,,,,
Tent,2018,Gerry Plehn,Christmas ,,,,A,,0.16,200,,"6"" spacing",
Top Half Santa Light,2014,Andrew Bubb,Christmas ,,,,,,0.08,2,,,
Train Caboose,2012,Eric Sandvig,Christmas ,,,,A,,3.04,796,,Indiv LED Chasing Controller added 2020,
Train Coal Car,2012,Eric Sandvig,Christmas ,,,,A,,1.6,419,,"Indiv LED Chasing Controller added 2020, Rebuilt 2020",
Train Elephant,2018,Eric Sandvig,Christmas ,,,,A,,1.18,309,,Indiv LED Chasing Controller added 2020,
Train Elf Light,2014,Andrew Bubb,Christmas ,,,,,,0.08,2,,,
Train Engine,2020,Eric Sandvig,Christmas ,,,,A,,2.4,628,,"Original Engine 2012, Rebuilt to Polar Express 2020",
Train Grover Car,2015,Eric Sandvig,Christmas ,,,,A,,2.99,783,,Indiv LED Chasing Controller added 2020,
Train Passenger Car,2013,Eric Sandvig,Christmas ,,,,A,,3.19,835,,Indiv LED Chasing Controller added 2020,
Train Tanker,2012,Eric Sandvig,Christmas ,,,,A,,1.58,414,,Indiv LED Chasing Controller added 2020,
Train Wheels (Chasing LED),2018,Eric Sandvig,Christmas ,,,,A,,4.46,1168,,,
Tree Bench 1,2019,John Muehlbauer,Christmas ,,,,M,LOR1602Wg2,0.47,2700,,4 Large Cages Red-Blue-White-Green,
Tree Bench 10,2019,John Muehlbauer,Christmas ,,,,M,LOR1602Wg2,0.49,2700,,,
Tree Bench 11,2019,John Muehlbauer,Christmas ,,,,M,LOR1602Wg2,0.26,2700,,,
Tree Bench 12,2019,John Muehlbauer,Christmas ,,,,M,LOR1602Wg2,0.38,2700,,,
Tree Bench 13,2019,John Muehlbauer,Christmas ,,,,M,LOR1602Wg2,0.57,2700,,,
Tree Bench 14,2019,John Muehlbauer,Christmas ,,,,M,LOR1602Wg2,0.55,2700,,,
Tree Bench 15,2019,John Muehlbauer,Christmas ,,,,M,LOR1602Wg2,0.5,2700,,,
Tree Bench 16,2019,John Muehlbauer,Christmas ,,,,M,LOR1602Wg2,0.55,2700,,,
Tree Bench 2,2019,John Muehlbauer,Christmas ,,,,M,LOR1602Wg2,0.32,2700,,4 Large Cages Red-Blue-White-Green,
Tree Bench 3,2019,John Muehlbauer,Christmas ,,,,M,LOR1602Wg2,0.48,2700,,4 Large Cages Red-Blue-White-Green,
Tree Bench 4,2019,John Muehlbauer,Christmas ,,,,M,LOR1602Wg2,0.45,2700,,4 Large Cages Red-Blue-White-Green,
Tree Bench 5,2019,John Muehlbauer,Christmas ,,,,M,LOR1602Wg2,0.45,2700,,4 Small Cages Green-White-Blue-Red,
Tree Bench 6,2019,John Muehlbauer,Christmas ,,,,M,LOR1602Wg2,0.48,2700,,4 Small Cages Green-White-Blue-Red,
Tree Bench 7,2019,John Muehlbauer,Christmas ,,,,M,LOR1602Wg2,0.42,2700,,4 Small Cages Green-White-Blue-Red,
Tree Bench 8,2019,John Muehlbauer,Christmas ,,,,M,LOR1602Wg2,0.3,2700,,4 Small Cages Green-White-Blue-Red,
Tree Bench 9,2019,John Muehlbauer,Christmas ,,,,M,LOR1602Wg2,0.34,2700,,,
Tree Large 2,2022,Greg Liebig,Christmas ,,,,A,,0.21,432,,,
Tree Large 2,2022,Greg Liebig,Christmas ,,,,A,,0.27,450,,,
Tree Large 2,2022,Greg Liebig,Christmas ,,,,A,,0.13,200,,,
Tree Large 2,2022,Greg Liebig,Christmas ,,,,A,,0.13,200,,,
Tree Large 2,2022,Greg Liebig,Christmas ,,,,A,,0.13,200,,,
Tree Large 6,2022,Greg Liebig,Christmas ,,,,A,,0.21,432,,,
Tree Large 6,2022,Greg Liebig,Christmas ,,,,A,,0.28,450,,,
Tree Large 6,2022,Greg Liebig,Christmas ,,,,A,,0.13,200,,,
Tree Large 6,2022,Greg Liebig,Christmas ,,,,A,,0.13,200,,,
Tree Large 6,2022,Greg Liebig,Christmas ,,,,A,,0.13,280,,,
Tree Small 3,2022,Greg Liebig,Christmas ,,,,A,,0.18,289,,,
Tree Small 3,2022,Greg Liebig,Christmas ,,,,A,,0.18,301,,,
Tree Small 3,2022,Greg Liebig,Christmas ,,,,A,,0.13,200,,,
Tree Small 3,2022,Greg Liebig,Christmas ,,,,A,,0.13,200,,,
Tree Small 4,2022,Greg Liebig,Christmas ,,,,A,,0.2,289,,,
Tree Small 4,2022,Greg Liebig,Christmas ,,,,A,,0.2,301,,,
Tree Small 4,2022,Greg Liebig,Christmas ,,,,A,,0.13,200,,,
Tree Small 4,2022,Greg Liebig,Christmas ,,,,A,,0.13,200,,,
Tree Small 5,2022,Greg Liebig,Christmas ,,,,A,,0.18,289,,,
Tree Small 5,2022,Greg Liebig,Christmas ,,,,A,,0.21,301,,,
Tree Small 5,2022,Greg Liebig,Christmas ,,,,A,,0.13,200,,,
Tree Small 5,2022,Greg Liebig,Christmas ,,,,A,,0.13,200,,,
Tune Radio 1,2019,Eric Sandvig,Event Info,,,,A,LOR1602Wg2,0.78,,,4 channel controller Duplicate,
Tune Radio 3,2015,Eric Sandvig,Event Info,,,,A,,0.4,105,,,
Tune Radio 3,2015,Eric Sandvig,Event Info,,,,A,,0.43,111,,,
Tune Radio 3,2019,Eric Sandvig,Event Info,,,,A,,0.4,105,,,
Tune Radio 4,2014,Eric Sandvig,Event Info,,,,,,0.7,209,,2 channel sign,
Tune Radio 4,2014,Eric Sandvig,Event Info,,,,,,,,,,
Twinkel Star 01,2019,Fred Engelhardt,Christmas ,,,,M,,4.64,1888,,,
Twinkel Star 02,2019,Fred Engelhardt,Christmas ,,,,M,,,,,,
Twinkel Star 03,2019,Fred Engelhardt,Christmas ,,,,M,,,,,,
Twinkel Star 04,2019,Fred Engelhardt,Christmas ,,,,M,,,,,,
Twinkel Star 05,2019,Fred Engelhardt,Christmas ,,,,M,,,,,,
Twinkel Star 06,2019,Fred Engelhardt,Christmas ,,,,M,,,,,,
Twinkel Star 07,2019,Fred Engelhardt,Christmas ,,,,M,,,,,,
Twinkel Star 08,2019,Fred Engelhardt,Christmas ,,,,M,,,,,,
Twinkel Star 09,2019,Fred Engelhardt,Christmas ,,,,M,,,,,,
Twinkel Star 10,2019,Fred Engelhardt,Christmas ,,,,M,,,,,,
Twinkel Star 11,2019,Fred Engelhardt,Christmas ,,,,M,,,,,,
Twinkel Star 12,2019,Fred Engelhardt,Christmas ,,,,M,,,,,,
Twinkel Star 13,2019,Fred Engelhardt,Christmas ,,,,M,,,,,,
Twinkel Star 14,2019,Fred Engelhardt,Christmas ,,,,M,,,,,,
Twinkel Star 15,2019,Fred Engelhardt,Christmas ,,,,M,,,,,,
Twinkel Star 16,2019,Fred Engelhardt,Christmas ,,,,M,,,,,,
US Flag Pallet,2022,Greg Liebig,Entertaining Lighting Effects ,,,,,,0.95,1220,,,
Volunteer Path Lights (North),2019,Eric Sandvig,Volunteer Safety,,,,A,,2.77,200,,,
Volunteer Path Lights (South),2019,Eric Sandvig,Volunteer Safety,,,,A,,2.77,200,,,
VP Panel,2018,Eric Sandvig,Christmas ,,,,A,,3.1,812,,,
Wait Time 15,2023,Greg Liebig,Traffic Control & Security,,,,A,CTB04_PC,,,,4 channel controller Duplicate,
Wait Time 30,2024,Greg Liebig,Traffic Control & Security,,,,,,0.4,720,,LED 10mm,
Wait Time 5,2023,Greg Liebig,Traffic Control & Security,,,,A,CTB04_PC,,,,4 channel controller Duplicate,
Wecome to Candyland,2018,Dennis Frey,Christmas ,,,,A,CTB04_PC,0.5,131,,,
Welcome to,2023,Eric Sandvig,Event Info,,FE-02,,A,CTB04_PC,0.37,,,,
West Light Pole RGB (Standalone),2019,,Traffic Control & Security,,,,,,,500,,,
Who House 1,2018,Greg Liebig,Christmas ,,,,M,,1.16,2088,,,
Who Panel 1,2017,Eric Sandvig,Christmas ,,,,M,,3.6,943,,,
Who Panel 2,2017,Eric Sandvig,Christmas ,,,,M,,3.88,1016,,,
Who Panel 3,2017,Eric Sandvig,Christmas ,,,,M,,4.05,1060,,,
Who Panel 4,2017,Eric Sandvig,Christmas ,,,,M,,3.48,911,,,
Who Panel 5,2017,Eric Sandvig,Christmas ,,,,M,,2.84,744,,,
Who Panel 6,2017,Eric Sandvig,Christmas ,,,,M,,3.78,990,,,
Who Panel 7,2017,Eric Sandvig,Christmas ,,,,M,,3.5,916,,,
Who Panel 8,2017,Eric Sandvig,Christmas ,,,,M,,4,1047,,,
WhoForest Star 01,2020,Greg Liebig,Christmas ,,,,M,Pixie8 ,,150,,CCW 2,
WhoForest Star 02,2020,Greg Liebig,Christmas ,,,,M,Pixie8 ,,150,,CCW 2,
WhoForest Star 03,2020,Greg Liebig,Christmas ,,,,M,Pixie8 ,,150,,CCW 2,
WhoForest Star 04,2020,Greg Liebig,Christmas ,,,,M,Pixie8 ,,150,,CCW 2,
WhoForest Star 05,2020,Greg Liebig,Christmas ,,,,M,Pixie8 ,,150,,CCW 2,
WhoForest Star 06,2020,Greg Liebig,Christmas ,,,,M,Pixie8 ,,150,,CCW 2,
WhoForest Star 07,2020,Greg Liebig,Christmas ,,,,M,Pixie8 ,,150,,CCW 2,
WhoForest Star 08,2020,Greg Liebig,Christmas ,,,,M,Pixie8 ,,150,,CCW 2,
WhoForest Tree 01,2020,Greg Liebig,Christmas ,,,,M,Pixie8 ,0.74,150,,Back Center,
WhoForest Tree 02,2020,Greg Liebig,Christmas ,,,,M,Pixie8 ,0.74,150,,Back Center,
WhoForest Tree 02,2020,Greg Liebig,Christmas ,,,,M,Pixie8 ,,150,,CCW 3,
WhoForest Tree 03,2020,Greg Liebig,Christmas ,,,,M,Pixie8 ,0.74,150,,Back Center,
WhoForest Tree 04,2020,Greg Liebig,Christmas ,,,,M,Pixie8 ,0.74,150,,Back Center,
WhoForest Tree 05,2020,Greg Liebig,Christmas ,,,,M,Pixie8 ,0.74,150,,Back Center,
WhoForest Tree 06,2020,Greg Liebig,Christmas ,,,,M,Pixie8 ,0.74,150,,Back Center,
WhoForest Tree 07,2020,Greg Liebig,Christmas ,,,,M,Pixie8 ,0.74,150,,Back Center,
WhoForest Tree 08,2020,Greg Liebig,Christmas ,,,,M,Pixie8 ,0.74,150,,Back Center,
Woodstock Sally Charlie,2023,Rick Hoffmann,Christmas ,,,,A,,0.1,180,,,
Wrap 1 & 9,2019,,Traffic Control & Security,,,,A,,,1000,,,
Wrap 2 & 10,2019,,Traffic Control & Security,,,,A,,,1000,,,
Wrap 3 & 11,2019,,Traffic Control & Security,,,,A,,,1000,,,
Wrap 4 & 12,2019,,Traffic Control & Security,,,,A,,,1000,,,
Wrap 5 & 13,2019,,Traffic Control & Security,,,,A,,,1000,,,
Wrap 6 & 14,2019,,Traffic Control & Security,,,,A,,,1000,,,
Wrap 7 & 15,2019,,Traffic Control & Security,,,,A,,,1000,,,
Wrap 8 & 16,2019,,Traffic Control & Security,,,,A,,,1000,,,
Wreath DS,2021,Fred & Tom,Christmas ,,,,,,0.15,200,,,
Wreath PS,2021,Fred Engelhardt,Christmas ,,,,,,,,,,
Zero Panel,2020,Martha Steffen,Christmas ,,,,A,,0.1,180,,,
